action_dim,action_name,mean,std,min,max,q01,q50,q99
0,dx,0.00017166259943275565,0.2776201460292356,-1.0,1.0,-0.7549408584833145,0.0007995259657036513,0.7280725836753843
1,dy,-0.00032210763692375004,0.2382203388698113,-1.0,1.0,-0.6149482965469361,0.005525458138436079,0.601397293806076
2,dz,-0.00022290307128996348,0.22306022318539726,-1.0,1.0,-0.44594874083995817,-0.015509389340877533,0.6242046624422063
3,droll,0.0001543091287430882,0.16252260940472085,-1.0,1.0,-0.43435676097869874,-0.003263393184170127,0.4452142715454097
4,dpitch,-7.548792511828443e-05,0.1813097772769476,-1.0,1.0,-0.4911786213517189,0.006955726305022836,0.43931128829717464
5,dyaw,0.0009955064965731747,0.28162733684248265,-1.0,1.0,-1.0,-0.003111250582151115,1.0
6,gripper,0.08840315544134346,0.9960847765667405,-1.0,1.0,-1.0,1.0,1.0
