environment,action_dim,action_name,mean,std,min,max,q01,q50,q99
B,0,dx,0.00040495479029613643,0.27136551204728293,-1.0,1.0,-0.7349361689016592,-0.0002230782496656647,0.7185642523435153
B,1,dy,-0.00017592649966315896,0.22799486636960073,-1.0,1.0,-0.6210769155907406,0.005012819226347248,0.570443647249422
B,2,dz,-0.000240086361878555,0.22178728199387557,-1.0,1.0,-0.4552987238621347,-0.015367892768597402,0.6437285992122834
B,3,droll,0.00010867997130072764,0.17003037255726983,-1.0,1.0,-0.4636481853682066,-0.0032557859180304405,0.47735559468373107
B,4,dpitch,-0.00013130765014876544,0.18474728523953454,-1.0,1.0,-0.5103929955114136,0.00815155046114402,0.4547275017032826
B,5,dyaw,0.001214378165556155,0.28490640901706415,-1.0,1.0,-1.0,-0.002026497021136997,1.0
B,6,gripper,0.05906396620527291,0.9982542000392997,-1.0,1.0,-1.0,1.0,1.0
