environment,camera,sampled_frames,rgb_mean_r,rgb_mean_g,rgb_mean_b,rgb_std_r,rgb_std_g,rgb_std_b,brightness_mean,brightness_std,contrast_mean,contrast_std
B_raw_for_aug,static,2000,0.7942732572555542,0.6930946707725525,0.5819365978240967,0.18191806972026825,0.18345417082309723,0.2166203111410141,0.6897692680358887,0.012933701276779175,0.17281219363212585,0.003998092375695705
B_augmented,static,2000,0.790166437625885,0.6907551288604736,0.5796105861663818,0.18487468361854553,0.18501432240009308,0.21583640575408936,0.686844527721405,0.045652568340301514,0.16830632090568542,0.013073020614683628
B_raw_for_aug,gripper,2000,0.8076076507568359,0.6765956878662109,0.5694584250450134,0.19268295168876648,0.19963395595550537,0.19125360250473022,0.6845535635948181,0.0361257866024971,0.15671132504940033,0.036610014736652374
B_augmented,gripper,2000,0.8032985925674438,0.6753214001655579,0.5675850510597229,0.19501368701457977,0.20060846209526062,0.19192281365394592,0.6820683479309082,0.05664770305156708,0.15266317129135132,0.037470705807209015
