environment,action_dim,action_name,mean_abs_delta,std_abs_delta,q50_abs_delta,q90_abs_delta,q99_abs_delta
B,0,dx,0.04247724037878302,0.04706275387034522,0.02714468087904598,0.10070852604286286,0.21552298415098567
B,1,dy,0.036063181265270736,0.0404557679157792,0.02306797267165872,0.08542957595115254,0.18027262203063824
B,2,dz,0.045055108693152914,0.04699657579893741,0.03148195661745734,0.10144257133256734,0.21167975444852544
B,3,droll,0.08788355791488078,0.1003171824298477,0.05682021957962746,0.2010365204522878,0.48009760898794696
B,4,dpitch,0.06213069435374107,0.0636888205087339,0.04363500095051265,0.13846749086758514,0.29734873850953447
B,5,dyaw,0.06878247743803625,0.07131291706818017,0.04799989384434156,0.1555823501836269,0.3313719452393615
B,6,gripper,0.047231077260650955,0.3036961966539922,0.0,0.0,2.0
B,-1,l2_first6,0.17806041376388781,0.12251399178663358,0.14900715563860775,0.32235777597170234,0.6160028742439281
