environment,camera,sampled_frames,rgb_mean_r,rgb_mean_g,rgb_mean_b,rgb_std_r,rgb_std_g,rgb_std_b,brightness_mean,brightness_std,contrast_mean,contrast_std
B,static,2000,0.7977137818625077,0.6981708127449477,0.5858138226469621,0.18576143554061386,0.18481931829876472,0.21803408769731933,0.6938994724183006,0.012597306301646094,0.17307165912348157,0.003974961355556024
B,gripper,2000,0.8107222547352804,0.682846434407124,0.5749216503268044,0.19846044427809023,0.20351964304554077,0.19484167122585705,0.6894967798230404,0.03606837255183059,0.15838480067270116,0.03740505022068622
