action_dim,action_name,mean,std,min,max,q01,q50,q99
0,dx,0.00024995596363231197,0.2772660595332862,-1.0,1.0,-0.7599225354194641,0.0006622838554903865,0.7290155529975892
1,dy,-0.0002643506316160475,0.23772035414485046,-1.0,1.0,-0.6147169208526612,0.0053966655395925045,0.5972033691406251
2,dz,-0.0001868128536302978,0.2220210076591145,-1.0,1.0,-0.4429350185394287,-0.01533406600356102,0.6234244894981387
3,droll,7.825575723383042e-05,0.1635044607997917,-1.0,1.0,-0.4401392841339111,-0.0029204278253018856,0.4499905681610111
4,dpitch,-5.9788225191533665e-05,0.18127680227877607,-1.0,1.0,-0.49087915539741517,0.006719367112964392,0.4402158331871033
5,dyaw,0.0007592041248087777,0.2853289326965113,-1.0,1.0,-1.0,-0.0029610865749418736,1.0
6,gripper,0.09088016446491418,0.9958618356513274,-1.0,1.0,-1.0,1.0,1.0
