source,camera,sampled_frames,rgb_mean_r,rgb_mean_g,rgb_mean_b,rgb_std_r,rgb_std_g,rgb_std_b,brightness_mean,brightness_std,contrast_mean,contrast_std
raw,static,1200,0.6491585373878479,0.5420984625816345,0.4651525020599365,0.23420685529708862,0.2772425711154938,0.3028223216533661,0.5521363615989685,0.1020556315779686,0.23512282967567444,0.04577701911330223
augmented,static,1200,0.6458799839019775,0.5397247076034546,0.46285682916641235,0.23456645011901855,0.27673444151878357,0.30156609416007996,0.5494868159294128,0.10825791209936142,0.2309558093547821,0.04973944276571274
raw,gripper,1200,0.6390836834907532,0.5054391026496887,0.4383890628814697,0.23881249129772186,0.27592822909355164,0.2850974500179291,0.5276371240615845,0.1425730139017105,0.195902481675148,0.062163833528757095
augmented,gripper,1200,0.6355153322219849,0.503342866897583,0.43594032526016235,0.2389410436153412,0.27484169602394104,0.283877968788147,0.5249328017234802,0.14572134613990784,0.19233250617980957,0.0637611448764801
