source,camera,sampled_frames,rgb_mean_r,rgb_mean_g,rgb_mean_b,rgb_std_r,rgb_std_g,rgb_std_b,brightness_mean,brightness_std,contrast_mean,contrast_std
raw,static,1200,0.6500078439712524,0.5430318117141724,0.4659022390842438,0.23407933115959167,0.27700045704841614,0.30269312858581543,0.5529797077178955,0.1013091653585434,0.2352849841117859,0.04585157334804535
raw,gripper,1200,0.6385532021522522,0.5029837489128113,0.4346012473106384,0.23834604024887085,0.27482330799102783,0.28314128518104553,0.5253794193267822,0.1423133760690689,0.19400949776172638,0.06283736974000931
