dataset_group,sampled_frames,mean_action_l2_first6,mean_step_delta_l2_first6,q90_step_delta_l2_first6,gripper_close_fraction
B,2704,0.5220189840291041,0.7448502999555776,1.212080081353192,0.5384615384615384
ABC,2868,0.522031752267901,0.7524312843452923,1.2012874985272237,0.5024407252440726
